name,email
User1,User@1.com
User2,User@2.com
User3,User@3.com
User4,User@4.com
User5,User@5.com
User6,User@6.com
User7,User@7.com
User8,User@8.com
User9,User@9.com
User10,User@10.com
User11,User@11.com
User12,User@12.com
User13,User@13.com
User14,User@14.com
User15,User@15.com
User16,User@16.com
User17,User@17.com
User18,User@18.com
User19,User@19.com
User20,User@20.com
User21,User@21.com
User22,User@22.com
User23,User@23.com
User24,User@24.com
User25,User@25.com
User26,User@26.com
User27,User@27.com
User28,User@28.com
User29,User@29.com
User30,User@30.com
User31,User@31.com
User32,User@32.com
User33,User@33.com
User34,User@34.com
User35,User@35.com
User36,User@36.com
User37,User@37.com
User38,User@38.com
User39,User@39.com
User40,User@40.com
User41,User@41.com
User42,User@42.com
User43,User@43.com
User44,User@44.com
User45,User@45.com
User46,User@46.com
User47,User@47.com
User48,User@48.com
User49,User@49.com
User50,User@50.com
